Divi Naam,Categorieën,Is Partner Divi
24-uurs zuurgraadmeting slokdarm,Maag-darm-leverziekten,Nee
2e intakegesprek voor IVF- of ICSI behandeling,Gynaecologie en Verloskunde,Nee
3 goede vragen aan uw arts en samen beslissen,Algemeen,Nee
50% belast lopen met krukken,Fysiotherapie,Nee
AYA-zorg,"Borstkanker, Oncologie",Nee
Aambeien,Chirurgie,Nee
Aantippend belast lopen met krukken,Fysiotherapie,Nee
Abcesdrain,Radiologie,Nee
Ablatiebehandeling bij boezemfibrilleren,Cardiologie,Nee
Ademhalingsoefeningen,Fysiotherapie,Nee
Ademhalingsondersteuning bij pasgeborenen,Neonatologie,Nee
Advance Care Planning,Longziekten,Nee
Afnemen biopt van de keel,KNO,Nee
Afnemen van een hersenbiopt,Neurologie,Nee
Airvo bij tracheacanule en tracheostoma,"Intensive Care, Longziekten",Nee
Algehele anesthesie,Anesthesiologie en pijnbestrijding,Nee
Allergietest met plakproef,Dermatologie,Nee
Allergietest met prikproef,Dermatologie,Nee
Als mantelzorger voor jezelf zorgen,Algemeen,Nee
Anamnese,Algemeen,Nee
Angiografie,"Cardiologie, Radiologie",Nee
Antibiotica-allergie: Ja of nee?,Interne Geneeskunde,Nee
Antistollingsmedicijnen,Algemeen,Nee
Appels plukken (liggend),Fysiotherapie,Nee
Appels plukken (zittend),Fysiotherapie,Nee
Arm- en schouderoefeningen,Fysiotherapie,Nee
Armen zijwaarts heffen (staand),Fysiotherapie,Nee
Armen zijwaarts heffen (zittend),Fysiotherapie,Nee
Arteriepunctie,Longziekten,Nee
Artrose,Reumatologie,Nee
Artrose in de hand of pols,Reumatologie,Nee
Astma,Longziekten,Nee
Atopisch eczeem,Dermatologie,Nee
Audiometrie,KNO,Nee
Autologe stamceltransplantatie,"Interne Geneeskunde, Oncologie",Nee
Autonoom Functie Onderzoek (AFO),Neurologie,Nee
BIC Second opinion consult,Longziekten,Nee
Baarmoederkanker,"Gynaecologie en Verloskunde, Oncologie",Nee
Back At Work After Surgery (BAAS),Algemeen,Nee
Barrett-slokdarm (Barrett oesophagus),Maag-darm-leverziekten,Nee
Beademing in buikligging,Intensive Care,Nee
Beademing met een beademingsapparaat,Intensive Care,Nee
Been gestrekt naar buiten brengen,Fysiotherapie,Nee
Been naar achter strekken,Fysiotherapie,Nee
Beenmergpunctie,"Interne Geneeskunde, Oncologie",Nee
Behandelbeperkingen,Algemeen,Nee
Behandelbeperkingen – Wel of geen beademing?,"Intensive Care, Longziekten",Nee
Behandeling met Intravitreale Injecties (IVI),Oogheelkunde,Nee
Behandeling met biologicals,"Dermatologie, Longziekten, Maag-darm-leverziekten, Reumatologie",Nee
Behandeling met een niersteenvergruizer,Urologie,Nee
Behandeling van nierschade,Interne Geneeskunde,Nee
Behandeling van spataderen met VNUS,Dermatologie,Nee
Behandelmogelijkheden bij diep veneuze trombose,Interne Geneeskunde,Nee
Behandelmogelijkheden bij endeldarmkanker,"Chirurgie, Oncologie",Nee
Behandelprogramma van het CON,Chirurgie,Nee
Behandeltraject Jodiumtherapie,"Interne Geneeskunde, Radiologie",Nee
Behandelwegen bij borstkanker,"Borstkanker, Oncologie",Nee
Belang van bewegen bij axiale spondyloartritis,Reumatologie,Nee
Belang van schoon werken bij wondverzorging,Infectieziektebestrijding,Nee
Belast lopen met krukken,Fysiotherapie,Nee
Benen heffen,Fysiotherapie,Nee
Besnijdenis (Circumcisie),"Chirurgie, Urologie",Nee
Beter in beweging,Fysiotherapie,Nee
Bewegen tijdens de opname,Algemeen,Nee
Bezoek aan de spoedeisende hulp,Spoedeisende Hulp en Gipskamer,Nee
Bijwerkingen radiotherapie bij prostaatkanker,"Oncologie, Urologie",Nee
Billen samenknijpen,Fysiotherapie,Nee
Biopt bij vermoeden huidkanker,"Dermatologie, Oncologie, Plastische Chirurgie",Nee
Bloedonderzoek,Algemeen,Nee
Bloedonderzoek voor kinderen,Kindergeneeskunde,Nee
Bloedtransfusie,"Cardiologie, Interne Geneeskunde, Oncologie",Nee
Bodybox,Longziekten,Nee
Borstamputatie,"Borstkanker, Plastische Chirurgie",Nee
Borstbestraling met ingehouden adem,"Oncologie, Radiologie",Nee
Borstkanker,"Borstkanker, Oncologie",Nee
Borstreconstructie met een prothese na huidsparende amputatie van de borst(en),"Borstkanker, Plastische Chirurgie",Nee
Borstreconstructie met lichaamseigen weefsel (DIEP-lap),"Borstkanker, Plastische Chirurgie",Nee
Borstsparende operatie,"Borstkanker, Oncologie",Nee
Botbreuk,Spoedeisende Hulp en Gipskamer,Nee
Botontkalking,"Interne Geneeskunde, Reumatologie",Nee
Botscan (skeletscintigrafie),"Orthopedie, Radiologie",Nee
Botuline toxine,Neurologie,Nee
Bronchiolitis,Kindergeneeskunde,Nee
Bronchoscopie,Longziekten,Nee
Bruggetje,Fysiotherapie,Nee
Buikslagaderoperatie bij aneurysma,Chirurgie,Nee
Buikvetbiopt,Interne Geneeskunde,Nee
Buisjes plaatsen,KNO,Nee
COPD,Longziekten,Nee
CPAP,Longziekten,Nee
CT Buik,Radiologie,Nee
CT Hart,Radiologie,Nee
CT Scan,Radiologie,Nee
CT Scan (z.c.),Radiologie,Nee
CT Thorax,Radiologie,Nee
CT Thorax (zonder contrastvloeistof),Radiologie,Nee
CTD-ILD,Longziekten,Nee
Cardioversie,Cardiologie,Nee
Centrum voor thuisbeademing (CTB),Longziekten,Nee
Chemotherapie,"Borstkanker, Longziekten, Oncologie",Nee
Chronische Lymfatische Leukemie,Oncologie,Nee
Chronische neusbijholteontsteking met neuspoliepen,KNO,Nee
Chronische pijn,Anesthesiologie en pijnbestrijding,Nee
Cognitieve problemen bij niet-aangeboren hersenletsel,Neurologie,Nee
Coloscopie,Maag-darm-leverziekten,Nee
Colposcopie: onderzoek van de baarmoederhals,Gynaecologie en Verloskunde,Nee
Combinatie van chemotherapie en immunotherapie,Oncologie,Nee
Cystoscopie,Urologie,Nee
Cytologische punctie,Radiologie,Nee
DCIS (Ductaal Carcinoma In Situ),"Borstkanker, Oncologie",Nee
DEXA-scan,"Orthopedie, Radiologie",Nee
De geheugenpoli,Geriatrie,Nee
Dedication Study,Wetenschappelijk onderzoek,Nee
Delier (delirium),Geriatrie,Nee
Deroofing,Dermatologie,Nee
Diabetes type 1,Interne Geneeskunde,Nee
Diabetes type 1 (voor kinderen),"Interne Geneeskunde, Kindergeneeskunde",Nee
Diabetes type 2,Interne Geneeskunde,Nee
Diabetische retinopathie,Oogheelkunde,Nee
Diabetische voet,"Chirurgie, Interne Geneeskunde",Nee
Dialyse,Interne Geneeskunde,Nee
Diepe sedatie,Anesthesiologie en pijnbestrijding,Nee
Diffusie,Longziekten,Nee
Dikkedarmoperatie (ERAS),"Chirurgie, Maag-darm-leverziekten",Nee
Doelgerichte therapie,"Borstkanker, Longziekten, Oncologie",Nee
Door uw knieën zakken,Fysiotherapie,Nee
Doorverwijzing naar de afdeling medische psychologie,Psychiatrie,Nee
Dotter- en stentbehandeling (PCI),Cardiologie,Nee
Drempel-oefening,Fysiotherapie,Nee
Dubbel J-katheter,Urologie,Nee
Dubbel-J-katheter na een nefrostomie,Radiologie,Nee
Duplexonderzoek van de halsvaten,Neurologie,Nee
Dysfagie (slikstoornis),KNO,Nee
E.E.G. Langdurige registratie,Neurologie,Nee
E.E.G. Slaaponthouding,Neurologie,Nee
E.M.G.,Neurologie,Nee
EBUS,Longziekten,Nee
ECG,"Anesthesiologie en pijnbestrijding, Cardiologie, Chirurgie, Intensive Care, Interne Geneeskunde, Longziekten, Spoedeisende Hulp en Gipskamer",Nee
ECL een afspraak maken,Dermatologie,Nee
ECT,Psychiatrie,Nee
EEG voor kinderen,Kindergeneeskunde,Nee
EMDR,Psychiatrie,Nee
EMDR voor kinderen,Psychiatrie,Nee
ERCP,Maag-darm-leverziekten,Nee
EVAR-operatie bij aneurysma,Chirurgie,Nee
Echo,Radiologie,Nee
Echocardiografie,"Cardiologie, Radiologie",Nee
Echografie Mammae,"Borstkanker, Radiologie",Nee
Echografie van de prostaat,"Radiologie, Urologie",Nee
Een shunt bij hemodialyse,"Interne Geneeskunde, Radiologie",Nee
Eerste afspraak bij het CON,Chirurgie,Nee
Eigen medicijnen meenemen naar het ziekenhuis,Algemeen,Nee
Eiwitrijke voeding,Algemeen,Nee
Elektro-encefalogram (E.E.G.),Neurologie,Nee
Elektrofysiologisch onderzoek (EFO) en ablatiebehandeling,Cardiologie,Nee
Ellebogen buigen (zittend),Fysiotherapie,Nee
Endo-Sponge behandeling,Maag-darm-leverziekten,Nee
Endometriose,Gynaecologie en Verloskunde,Nee
Enkeloefeningen (liggend),Fysiotherapie,Nee
Epidurale verdoving (ruggenprik),Anesthesiologie en pijnbestrijding,Nee
FAG-onderzoek,Oogheelkunde,Nee
FESS (Algehele Verdoving),KNO,Nee
Fenomeen van Raynaud,Reumatologie,Nee
Fibromyalgie,Reumatologie,Nee
Fibroscan,Maag-darm-leverziekten,Nee
Fietstest,Longziekten,Nee
Fietstest cardio,Cardiologie,Nee
Flexibele scopie,KNO,Nee
Follikelpunctie,Gynaecologie en Verloskunde,Nee
Fotodynamische therapie,Dermatologie,Nee
Fototherapie,Neonatologie,Nee
Fundoplicatie,"Chirurgie, Maag-darm-leverziekten",Nee
Fysiotherapie na totale heupoperatie,Fysiotherapie,Nee
Fysiotherapie na totale knieoperatie,Fysiotherapie,Nee
Galblaasoperatie,"Chirurgie, Interne Geneeskunde, Maag-darm-leverziekten",Nee
Galdrain,Radiologie,Nee
Gastroscopie,Maag-darm-leverziekten,Nee
Gebroken pols (polsfractuur),"Chirurgie, Orthopedie",Nee
"Gedachten, emoties en herinneringen bij pijn",Psychiatrie,Nee
Gehoorgang wijder maken (meatusplastiek),KNO,Nee
Gewrichtspunctie,"Chirurgie, Orthopedie, Reumatologie",Nee
Gezond en fit,Algemeen,Nee
Gezond gewicht,Algemeen,Nee
Gezond leven bij kanker,"Borstkanker, Chirurgie, Fysiotherapie, Geriatrie, Gynaecologie en Verloskunde, Huisarts, Longziekten, Maag-darm-leverziekten, Oncologie, Urologie",Nee
Gipsbehandeling bij een diabetische voet,"Interne Geneeskunde, Spoedeisende Hulp en Gipskamer",Nee
Glaucoom,Oogheelkunde,Nee
Goed volhouden van uw behandeling en adviezen,Algemeen,Nee
Goedaardige borstafwijkingen,"Borstkanker, Oncologie",Nee
Haarnestcyste (Sinus pilonidalis),Chirurgie,Nee
Hallux valgus operatie,Orthopedie,Nee
Hartaandoeningen,Cardiologie,Nee
Hartfalen,"Cardiologie, Geriatrie, Huisarts",Nee
Hartfalen (Aanpassen manier van leven),Cardiologie,Nee
Hartfalen (Begeleiding en controle),Cardiologie,Nee
Hartfalen (Medicijnen),Cardiologie,Nee
Hartfalen (Oorzaken),Cardiologie,Nee
Hartkatheterisatie (CAG),Cardiologie,Nee
Hartklepoperatie,Cardiologie,Nee
Hartrevalidatie,Cardiologie,Nee
Helium residu,Longziekten,Nee
Herbeoordeling op de spoedeisende hulp,Spoedeisende Hulp en Gipskamer,Nee
Hersenecho bij een pasgeboren baby,Neonatologie,Nee
Hersentumoroperatie,Neurologie,Nee
Herstel na een opname op de Intensive Care (IC),Intensive Care,Nee
Het plaatsen van een hartritmemonitor,Cardiologie,Nee
Het voorkomen van een longaanval,Longziekten,Nee
Heup buigen (liggend),Fysiotherapie,Nee
Heupprothese,Orthopedie,Nee
High-TeC Study,Wetenschappelijk onderzoek,Nee
Histamine drempel,Longziekten,Nee
Histologisch biopt,Urologie,Nee
Hoest,Longziekten,Nee
Hoge bloeddruk en thuismeten,"Cardiologie, Geriatrie, Gynaecologie en Verloskunde, Interne Geneeskunde, Neurologie",Nee
Holteronderzoek,Cardiologie,Nee
Hoofdhuidkoeling bij chemotherapie (coldcap),"Borstkanker, Oncologie",Nee
Hoog cholesterol,Interne Geneeskunde,Nee
Hoortoestellen,KNO,Nee
Hormonale (endocriene) therapie,"Borstkanker, Oncologie",Nee
Huidbiopt,Dermatologie,Nee
Hulp en advies bij een zwangerschap (POP-team),"Gynaecologie en Verloskunde, Psychiatrie",Nee
Hygiëneregels op de couveuse-afdeling,Neonatologie,Nee
Hyperventilatie test,Longziekten,Nee
Hypnopoli,Kindergeneeskunde,Nee
Hysterosalpingografie (HSG),"Gynaecologie en Verloskunde, Radiologie",Nee
Hysteroscopie,Gynaecologie en Verloskunde,Nee
Immunotherapie,"Borstkanker, Longziekten, Oncologie",Nee
Implantaat in de kaak,"Mond-, kaak- en aangezichtschirurgie",Nee
In gesprek over netelroos,"Dermatologie, Huisarts, Interne Geneeskunde",Nee
Inbrengen van een dialysekatheter,Interne Geneeskunde,Nee
Inflammatory Bowel Disease (IBD),Maag-darm-leverziekten,Nee
Instelnacht CPAP,Longziekten,Nee
Intake en werkgroep bij het ECL (Volwassenen),Dermatologie,Nee
Intake en werkgroep bij het ECL (kinderen),Dermatologie,Nee
Interstitiële longziekten (ILD),Longziekten,Nee
Intra-uteriene inseminatie in eigen cyclus (IUI),Gynaecologie en Verloskunde,Nee
Intra-uteriene inseminatie met donorsperma (KID-IUI),Gynaecologie en Verloskunde,Nee
Intra-uteriene inseminatie met milde ovariële hyperstimulatie (MOH-IUI),Gynaecologie en Verloskunde,Nee
Invasieve pijnbestrijding,Anesthesiologie en pijnbestrijding,Nee
Inwendige echo (EUS),"Maag-darm-leverziekten, Radiologie",Nee
Inwendige echo vanuit de slokdarm (EUS-FNA),Longziekten,Nee
Jicht,Reumatologie,Nee
Kaakcorrectie van de boven- en onderkaak,"Chirurgie, Mond-, kaak- en aangezichtschirurgie",Nee
Kaakcorrectie van de onderkaak,"Chirurgie, Mond-, kaak- en aangezichtschirurgie",Nee
Kaakklachten,"Mond-, kaak- en aangezichtschirurgie",Nee
Kanker,"Borstkanker, Oncologie",Nee
"Kanker, seksualiteit en intimiteit","Borstkanker, Longkanker, Longziekten, Oncologie",Nee
Keizersnede (Sectio),Gynaecologie en Verloskunde,Nee
Kinderroute OK,Anesthesiologie en pijnbestrijding,Nee
Kinderwens en reuma,Reumatologie,Nee
Klaplong (pneumothorax),Longziekten,Nee
Knie buigen (staand),Fysiotherapie,Nee
Knie buigen (zittend),Fysiotherapie,Nee
Knie heffen (staand),Fysiotherapie,Nee
Knie heffen (zittend),Fysiotherapie,Nee
Knie strekken (zittend),Fysiotherapie,Nee
Knieprothese,Orthopedie,Nee
Kom in beweging,Algemeen,Nee
Kousen aan- en uittrekken,Orthopedie,Nee
Leven met COPD,Longziekten,Nee
Leven met een colostoma,Maag-darm-leverziekten,Nee
Leven met een darmstoma,"Chirurgie, Maag-darm-leverziekten",Nee
Leven met een ileostoma,Maag-darm-leverziekten,Nee
Leven met een urostoma,"Chirurgie, Urologie",Nee
Leven na een orgaantransplantatie,Algemeen,Nee
Leverablatie,"Chirurgie, Maag-darm-leverziekten",Nee
Leveroperatie,Chirurgie,Nee
Lichaamseigen pijnstillers en opiaten,Psychiatrie,Nee
Lichamelijk onderzoek,Algemeen,Nee
Lichte en matige sedatie,Anesthesiologie en pijnbestrijding,Nee
Lichttherapie,Dermatologie,Nee
Liesbreukoperatie,Chirurgie,Nee
Liesbreukoperatie – TREPP,Chirurgie,Nee
Lipoedeem,Dermatologie,Nee
Lithium,Psychiatrie,Nee
Longaanval,Longziekten,Nee
Longembolie,Longziekten,Nee
Longkanker,"Longziekten, Oncologie",Nee
Longontsteking,"Intensive Care, Interne Geneeskunde, Longziekten, Neonatologie, Spoedeisende Hulp en Gipskamer",Nee
Longoperatie,"Chirurgie, Longziekten",Nee
Longperfusie,Radiologie,Nee
Longpunctie,"Longziekten, Radiologie",Nee
Longrevalidatie,Longziekten,Nee
Looptest,"Cardiologie, Fysiotherapie, Longziekten",Nee
Lopen met een looprek,Fysiotherapie,Nee
Lopen met een rollator,Fysiotherapie,Nee
Lopen met hulpmiddelen na voorvoet operatie,Fysiotherapie,Nee
Lumbaalpunctie,Neurologie,Nee
Lumbale hernia,"Chirurgie, Neurologie",Nee
Lumbale spondylodese bij instabiele wervels,Neurologie,Nee
MIP-MEP,Longziekten,Nee
MRA beugel,"Mond-, kaak- en aangezichtschirurgie",Nee
MRI Bewegingsapparaat,Radiologie,Nee
MRI Hart,"Cardiologie, Radiologie",Nee
MRI Hersenen,Radiologie,Nee
MRI Mammografie,"Borstkanker, Radiologie",Nee
MRI-onderzoek,Radiologie,Nee
Maag-darmischemie,Maag-darm-leverziekten,Nee
Maatregelen bij MRSA,Infectieziektebestrijding,Nee
Maculadegeneratie,Oogheelkunde,Nee
Mammografie,"Borstkanker, Radiologie",Nee
Mantoux test,Longziekten,Nee
Manuele therapie bij hoofd- en nekpijn,Fysiotherapie,Nee
Marcaïnisatie,Orthopedie,Nee
Medische hypnose,Psychiatrie,Nee
Meedenkconsult,Algemeen,Nee
Meedoen aan een medisch-wetenschappelijk onderzoek,Algemeen,Nee
Meekijkconsult,Algemeen,Nee
Met ontslag naar een tijdelijke plek,Algemeen,Nee
Met sondevoeding naar huis,Neonatologie,Nee
Methacholine drempel,Longziekten,Nee
Methotrexaat,"Dermatologie, Maag-darm-leverziekten, Reumatologie",Nee
Metronoomtest,Longziekten,Nee
Middenrifbandje,Chirurgie,Nee
Minder zout eten,Algemeen,Nee
Mohs,Dermatologie,Nee
Myocardperfusie scintigrafie,Radiologie,Nee
NO-meting,Longziekten,Nee
Na een astma-aanval,Longziekten,Nee
Na een onderbeenamputatie,Chirurgie,Nee
Naar huis met antibiotica,Algemeen,Nee
Nazorg na een hartinfarct,Cardiologie,Nee
Nazorg na kanker,Oncologie,Nee
Nazorg neusoperatie,KNO,Nee
Nefrostomie,Radiologie,Nee
Nekstenose,Neurologie,Nee
Nervus Vagus Stimulator,Neurologie,Nee
Netelroos,Dermatologie,Nee
Neuromodulatie,Anesthesiologie en pijnbestrijding,Nee
Neuropsychologisch onderzoek,"Geriatrie, Neurologie, Psychiatrie",Nee
Neusbloeding  behandeling,KNO,Nee
Neusspoelen met verschillende hulpmiddelen,KNO,Nee
Neusspoelen met zoutoplossing,KNO,Nee
Nierpunctie,"Interne Geneeskunde, Radiologie",Nee
Nuchter zijn,Algemeen,Nee
Nuss bar,Kindergeneeskunde,Nee
OSA,"KNO, Longziekten, Neurologie",Nee
Oefeningen na een botbreuk in de arm,"Fysiotherapie, Spoedeisende Hulp en Gipskamer",Nee
Oefeningen na een botbreuk in het been,"Fysiotherapie, Spoedeisende Hulp en Gipskamer",Nee
Oefeningen tijdens een behandeltraject bij kanker,Urologie,Nee
Oefeningen trap op en af,Fysiotherapie,Nee
Ogen druppelen,Oogheelkunde,Nee
Okselklieroperatie,"Chirurgie, Oncologie",Nee
Omgaan met kwetsbaarheid,Geriatrie,Nee
Omgaan met vermoeidheid na hersenletsel,Neurologie,Nee
Omgekeerde schouderprothese,Orthopedie,Nee
Omleidingsoperatie (CABG),Cardiologie,Nee
Onbelast lopen met krukken,Fysiotherapie,Nee
Onderzoek naar voedselallergie,Kindergeneeskunde,Nee
Ontslag na ziekenhuisopname,Algemeen,Nee
Ontsteking van een gewrichtsprothese,Orthopedie,Nee
Ontwikkelingsgerichte zorg,Neonatologie,Nee
Op uw tenen staan,Fysiotherapie,Nee
Operatie aan de alvleesklier (PPPD en Whipple),"Chirurgie, Oncologie",Nee
Operatie aan de alvleesklier (Pancreaticojejunostomie),Chirurgie,Nee
Operatie aan de alvleesklierstaart,"Chirurgie, Oncologie",Nee
Operatie aan een kunstheup,Orthopedie,Nee
Operatie aan een kunstknie,Orthopedie,Nee
Operatie bij carpaal tunnel syndroom,Plastische Chirurgie,Nee
Operatie bij een nekhernia,Neurologie,Nee
Operatie bij een vernauwde halsslagader (Carotisdesobstructie eversietechniek),Chirurgie,Nee
Operatie bij een vernauwde halsslagader (Carotisdesobstructie),Chirurgie,Nee
Operatie bij eierstokkanker,Gynaecologie en Verloskunde,Nee
Opioïden bij benauwdheid,Longziekten,Nee
Opname in verband met ventielbehandeling,Longziekten,Nee
Opnametraject lymfoedeem,Dermatologie,Nee
Opstaan en zitten,Fysiotherapie,Nee
Oriënterend Fertiliteitsonderzoek (OFO),Gynaecologie en Verloskunde,Nee
Orthostatische hypotensie,"Geriatrie, Interne Geneeskunde, Neurologie",Nee
Ovulatie-inductie,Gynaecologie en Verloskunde,Nee
PESA-behandeling,Gynaecologie en Verloskunde,Nee
PET-CT,"Borstkanker, Radiologie",Nee
PICC-lijn,"Oncologie, Radiologie",Nee
PROMs,Algemeen,Nee
Patiëntparticipatie,Algemeen,Nee
Perifeer Arterieel Vaatlijden (PAV),"Cardiologie, Geriatrie, Interne Geneeskunde",Nee
"Pijn bij axiale SpA, RA en PsA (je-versie)",Reumatologie,Nee
"Pijn bij axiale SpA, RA en PsA (u-versie)",Reumatologie,Nee
Plaatsen van een Inwendige Defibrillator (ICD),Cardiologie,Nee
Plaatsen van een definitieve prothese na een tissue expander,"Borstkanker, Plastische Chirurgie",Nee
Plaatsen van een pacemaker,Cardiologie,Nee
Plaatsen van een spiraal,Gynaecologie en Verloskunde,Nee
Plaatsen van een subcutane inwendige defibrillator (S-ICD),Cardiologie,Nee
Plaatsen van een tissue expander,"Borstkanker, Plastische Chirurgie",Nee
Plaatsing van een PEG- of PEG J-sonde,Maag-darm-leverziekten,Nee
Pleurapunctie (diagnostisch),Longziekten,Nee
Pleurapunctie (ontlastend),Longziekten,Nee
Poliepen in de dikke darm,Maag-darm-leverziekten,Nee
Polygrafie,"KNO, Longziekten, Neurologie",Nee
Polygrafie Nox T3,"KNO, Longziekten, Neurologie",Nee
Polysomnografie,"Longziekten, Neurologie",Nee
Port-a-cath,"Borstkanker, Interne Geneeskunde, Oncologie, Radiologie",Nee
Praten over de laatste levensfase,Algemeen,Nee
Prehabilitatie,Algemeen,Nee
Preoperatieve screening (POS),Algemeen,Nee
Prikkelbare darm syndroom (PDS),Maag-darm-leverziekten,Nee
Proactieve zorg voor iedereen,Algemeen,Nee
Proactieve zorgplanning,Algemeen,Nee
Prostaatpunctie,"Radiologie, Urologie",Nee
Prostaatverwijdering,"Chirurgie, Urologie",Nee
R-CHOP bij non-hodgkin,Oncologie,Nee
ROS1 Fusie,"Oncologie, Wetenschappelijk onderzoek",Nee
Radiotherapie,"Borstkanker, Longziekten, Oncologie",Nee
Recapture studie,Wetenschappelijk onderzoek,Nee
Reconstructie van het neustussenschot,"Chirurgie, KNO",Nee
Reconstructie van het oor,"Chirurgie, KNO",Nee
Reductiebehandeling,Dermatologie,Nee
Refluxziekte bij baby’s,Kindergeneeskunde,Nee
Reumatoïde artritis,Reumatologie,Nee
Robotoperatie bij kanker,Oncologie,Nee
Ruggenprik bij een bevalling,"Anesthesiologie en pijnbestrijding, Gynaecologie en Verloskunde",Nee
STEEP,Dermatologie,Nee
SWAB Coronatest,Algemeen,Nee
Samen beslissen,Algemeen,Nee
Samen beslissen en informed consent,Algemeen,Nee
Saturatiemeting,Longziekten,Nee
Scaphoid fractuur,"Chirurgie, Orthopedie",Nee
Scheelzien,"Kindergeneeskunde, Oogheelkunde",Nee
Schildklieroperatie,"Chirurgie, Maag-darm-leverziekten",Nee
Schildwachtklierprocedure,"Borstkanker, Oncologie",Nee
Schouderprothese,Orthopedie,Nee
Scopie van de knie,Orthopedie,Nee
"Scopie van de knie, schouder en heup",Orthopedie,Nee
Scopie van de schouder,Orthopedie,Nee
Sedatie bronchoscopie,"Anesthesiologie en pijnbestrijding, Longziekten",Nee
SensoReady pen (Hyrimoz),"Dermatologie, Interne Geneeskunde, Maag-darm-leverziekten, Reumatologie",Ja
Septumcorrectie,KNO,Nee
Shuntbepaling,Longziekten,Nee
Sigmoïdoscopie,Maag-darm-leverziekten,Nee
Sleutelbeenbreuk,"Chirurgie, Orthopedie",Nee
Slokdarmoperatie (EROES),"Chirurgie, Maag-darm-leverziekten",Nee
Sonde inbrengen,Kindergeneeskunde,Nee
Spataderen,Chirurgie,Nee
Spinale verdoving (ruggenprik),Anesthesiologie en pijnbestrijding,Nee
Spirometrie,Longziekten,Nee
Spirometrie voor kinderen,"Kindergeneeskunde, Longziekten",Nee
Sputuminductie,Longziekten,Nee
Staaroperatie,Oogheelkunde,Nee
Stabiliseren van de schouder,Orthopedie,Nee
Stamcelafname,Oncologie,Nee
Standscorrectie van het been,Orthopedie,Nee
Stereotactisch biopt (mammabiopsie),"Borstkanker, Oncologie",Nee
Stomamaterialen,"Chirurgie, Maag-darm-leverziekten, Urologie",Nee
Stoppen met pijnstillers,Algemeen,Nee
Stoppen met roken,Algemeen,Nee
Subtenon blok (oogblok),Oogheelkunde,Nee
TAVI (Transfemoraal),Cardiologie,Nee
TAVI (direct transaortaal),Cardiologie,Nee
TCD-onderzoek,Neurologie,Nee
TENS-behandeling,Anesthesiologie en pijnbestrijding,Nee
TIA,Neurologie,Nee
Tanden poetsen,"Kindergeneeskunde, Mond-, kaak- en aangezichtschirurgie",Nee
Teenamputatie,Chirurgie,Nee
Thoraxdrainage,Longziekten,Nee
Thuis vernevelen met een compressor,Longziekten,Nee
Thuismeten met Luscii,Algemeen,Nee
Tinnitus,KNO,Nee
Triggerfinger,Plastische Chirurgie,Nee
Trommelvliessluiting,KNO,Nee
Uitkomsten cementloze knieprothese,"Orthopedie, Wetenschappelijk onderzoek",Nee
Urodynamisch onderzoek,Urologie,Nee
Uw kind begeleiden als u kanker heeft,"Algemeen, Oncologie",Nee
VEP-onderzoek,Neurologie,Nee
VNG-onderzoek,Neurologie,Nee
Valpoli,Geriatrie,Nee
Van biological naar biosimilar,"Borstkanker, Dermatologie, Longziekten, Maag-darm-leverziekten, Oncologie, Reumatologie",Nee
Veilig leren drinken,Neonatologie,Nee
"Ventielen, wat nu?",Longziekten,Nee
Verdoving met een plexus block,Anesthesiologie en pijnbestrijding,Nee
Versiepoging,Gynaecologie en Verloskunde,Nee
Verstandskies verwijderen,"Chirurgie, Mond-, kaak- en aangezichtschirurgie",Nee
Vervangen van een ICD of Pacemaker,Cardiologie,Nee
Verwijderen van amandelen (kinderen),"KNO, Kindergeneeskunde",Nee
Verwijderen van de blaas met de aanleg van een neoblaas,"Chirurgie, Urologie",Nee
Verwijderen van de blaas met de aanleg van een urinestoma,"Chirurgie, Urologie",Nee
Verwijderen van de urinekatheter (ballonpoort doorknippen),Urologie,Nee
Verwijderen van de urinekatheter (legen met spuitje),Urologie,Nee
Verwijderen van een huidafwijking (huidexcisie),Dermatologie,Nee
Verzakkingsoperatie,Gynaecologie en Verloskunde,Nee
Verzorging van de nefrostomiekatheter,Urologie,Nee
Verzorging van de tracheacanule,"Intensive Care, KNO",Nee
Verzorging van het tracheostoma,KNO,Nee
Vetvrije massa bepaling,Longziekten,Nee
Video Capsule Endoscopie,Maag-darm-leverziekten,Nee
Video-interactiebegeleiding op de afdeling neonatologie,Neonatologie,Nee
Voorbereiding op een longtransplantatie,Longziekten,Nee
Voorbereiding op uw opname in het ziekenhuis,Algemeen,Nee
Voorbereiding voor niertransplantatie,Interne Geneeskunde,Nee
Voorste kruisbandreconstructie,Orthopedie,Nee
Voorste kruisbandreconstructie: 3 technieken,Orthopedie,Nee
WIFSA techniek,Plastische Chirurgie,Nee
Wait-and-see bij Chronische Lymfatische Leukemie,Oncologie,Nee
Wat doet beademing met het lichaam?,Intensive Care,Nee
Wat gebeurt er met de zaad- en eicellen in het laboratorium?,Gynaecologie en Verloskunde,Nee
Wat is MS?,Neurologie,Nee
Wat is een MS schub?,Neurologie,Nee
Wat is een biobank?,Wetenschappelijk onderzoek,Nee
Wat is epilepsie?,Neurologie,Nee
Wat is palliatieve zorg?,Algemeen,Nee
Welzijn op Recept,Algemeen,Nee
Werking van de nieren,Interne Geneeskunde,Nee
Wetenschappelijk onderzoek opioïden voor behandeling kortademigheid bij COPD,"Longziekten, Wetenschappelijk onderzoek",Nee
Wonden,Dermatologie,Nee
Wortelpuntbehandeling,"Mond-, kaak- en aangezichtschirurgie",Nee
X Bewegingsapparaat,Radiologie,Nee
X Thorax,Radiologie,Nee
Zalven bij eczeem,Dermatologie,Nee
Zelf katheteriseren (Man),Urologie,Nee
Zelf katheteriseren (Vrouw),Urologie,Nee
Ziek zijn en seksualiteit,Oncologie,Nee
Ziekenhuisverplaatste zorg medicatie (ZVZ-medicatie),"Dermatologie, Gynaecologie en Verloskunde, Interne Geneeskunde, Kindergeneeskunde, Longziekten, Maag-darm-leverziekten, Oncologie, Reumatologie",Nee
Zorgpad bij de overgang,Gynaecologie en Verloskunde,Nee
Zorgpad chirurgie bij ouderen,Chirurgie,Nee
Zorgverleners bij diabetes,Interne Geneeskunde,Nee
Zuurstofondersteuning in het ziekenhuis,"Anesthesiologie en pijnbestrijding, Cardiologie, Chirurgie, Geriatrie, Intensive Care, Longziekten, Oncologie, Spoedeisende Hulp en Gipskamer",Nee
Zuurstofondersteuning thuis,Longziekten,Nee
Zwangerschapsdiabetes (Diabetes Gravidarum),"Gynaecologie en Verloskunde, Interne Geneeskunde",Nee
eNose onderzoek,"Longkanker, Longziekten, Oncologie",Nee
Astma Actieplan,Partner Divi,Ja
Avelumab,Partner Divi,Ja
BENU Hulpmiddelenzorg,Partner Divi,Ja
Behandeling met Calquence,Partner Divi,Ja
Behandeling met ribociclib,Partner Divi,Ja
Behandelmogelijkheden bij longkanker,Partner Divi,Ja
Cetuximab,Partner Divi,Ja
De Inreda AP® van Inreda® Diabetic,Partner Divi,Ja
Immunotherapie met Imfinzi (durvalumab),Partner Divi,Ja
Keytruda Pembrolizumab patiëntenfolder,Partner Divi,Ja
Keytruda Pembrolizumab patiëntenfolder Arabisch,Partner Divi,Ja
Keytruda Pembrolizumab patiëntenfolder Turks,Partner Divi,Ja
Keytruda dagboek combinatie pembrolizumab en chemotherapie,Partner Divi,Ja
Keytruda pan-tumor patiëntendagboek,Partner Divi,Ja
Leqvio (inclisiran),Partner Divi,Ja
Leqvio (inclisiran) voor zorgverleners,Partner Divi,Ja
Longkanker stadium III,Partner Divi,Ja
Mantelzorger bij COPD: hoe zorg ik goed voor mezelf,Partner Divi,Ja
Omgaan met benauwdheid bij COPD,Partner Divi,Ja
Omnitrope®  in de SurePal® pen,Partner Divi,Ja
PERTUZUMAB (Perjeta®),Partner Divi,Ja
Positieve Gezondheid,Partner Divi,Ja
Positieve Gezondheid (Vereenvoudigd),Partner Divi,Ja
SensoReady pen (Erelzi),Partner Divi,Ja
Sotyktu,Partner Divi,Ja
Sportpoli,Partner Divi,Ja
StomazorgPlus service,Partner Divi,Ja
TRASTUZUMAB (Herceptin®),Partner Divi,Ja
TRASTUZUMAB-EMTANSINE (Kadcyla®),Partner Divi,Ja
Tezspire (tezepelumab),Partner Divi,Ja
